Question_ID_1,Question_ID_2,Similarity_Score
2,2,0.8592997534313351
2,2,0.8099537890431652
3,5,0.8344829174374355
5,7,0.9255903795412194
5,5,0.8104669273032952
